SupplierName,SupplierLocation,SupplierContact
"Rodriguez, Winters and Perez",Irwinhaven,6538306661
Lawson-Wilkins,Calderonchester,Inconnu
Lee-Miller,South Emilyview,+1-588-750-7646
Soto-Rivera,West Denise,805-650-6257x5876
Campos-Murillo,Lawsontown,822-222-4939
"Wagner, Jackson and Holt",Port Sarahview,+1-362-752-2777x1817
White and Sons,West Scott,288-572-7043
Brown-Miller,Seanfort,(502)758-2166
"Colon, Palmer and Welch",Antonioshire,230-757-6575x898
"Mack, Wright and Mclaughlin",Alexandrachester,856-399-9995x715
Roman-Chambers,Dennischester,001-324-909-1637x2831
"Mathis, Olson and Ryan",Herreraland,(906)306-1777x264
"Mathis, Olson and Ryan",Herreraland,Inconnu
Peck Group,West Lindafurt,+1-838-976-6137
Lawson-Wilkins,Calderonchester,(277)930-2705x3206
"Ramirez, Hicks and Lara",Dustinmouth,Inconnu
Smith PLC,Lake Candiceton,459-301-8580
"Gilbert, Miller and Lee",Lake Juanland,+1-619-677-8121x28226
Higgins and Sons,West Johnbury,230-568-4141
King-Rodriguez,South Lindatown,Inconnu
King-Rodriguez,South Lindatown,7724600682
Lee-Miller,South Emilyview,Inconnu
Randall-Ballard,Popeport,933.564.7029x6917
"Ramirez, Hicks and Lara",Dustinmouth,853-738-3918
"Thornton, Jackson and Gray",Leslieville,001-575-242-3572x740
"Colon, Palmer and Welch",Antonioshire,Inconnu
"Wagner, Jackson and Holt",Port Sarahview,Inconnu
Brown-Miller,Seanfort,Inconnu
Peck Group,West Lindafurt,Inconnu
White and Sons,West Scott,Inconnu
"Mack, Wright and Mclaughlin",Alexandrachester,Inconnu
"Thornton, Jackson and Gray",Leslieville,Inconnu
Roman-Chambers,Dennischester,Inconnu
"Gilbert, Miller and Lee",Lake Juanland,Inconnu
Randall-Ballard,Popeport,Inconnu
Campos-Murillo,Lawsontown,Inconnu
"Rodriguez, Winters and Perez",Irwinhaven,Inconnu
Smith PLC,Lake Candiceton,Inconnu
Higgins and Sons,West Johnbury,Inconnu
Soto-Rivera,West Denise,Inconnu
